movieCd,title,openDt,ott_release_dt,ott_release_platform,budget,genre,watch_grade_nm,show_tm,is_original_ip,is_followup,nation_nm,distributor_nm,director_nm,director_nm_star_meter,actor1_nm,actor1_nm_star_meter,actor2_nm,actor2_nm_star_meter,actor3_nm,actor3_nm_star_meter,Unnamed: 21,director_score,actor1_score,actor2_score,actor3_score,Anchor_score,Support_score,Star_index,open_year,gamma,genre_en,Genre,TFS,ONS,TFS_norm,ONS_norm,cannibalization_coef
20224579,악마들,2023-07-05,20231017,Netflix,200000000,액션,19,106,1,0,한국,(주)콘텐츠지,김재훈,376137,장동윤,39169,오대환,85638,최귀화,44815,,2.123623948,3.10602752,2.766303488,3.047546604,3.10602752,2.64582468,11.32403179,2023,0.7713988809993032,Action,Action,8.4,4.2,0.8400000000000001,0.42000000000000004,0.08665854772891247
20227410,천박사 퇴마 연구소: 설경의 비밀,2023-09-27,20240119,Netflix,11300000000,판타지,12,98,1,0,한국,(주)외유내강,김성식,1016902,강동원,20947,허준호,38950,이솜,17480,,1.691690903,3.377848172,3.108462542,3.456428576,3.456428576,2.726000539,12.87865474,2023,0.7713988809993032,Fantasy,Fantasy,8.3,8.4,0.8300000000000001,0.8400000000000001,0.11930807099297458
20225894,뉴 노멀,2023-11-08,20240527,Wavve,3800000000,스릴러,15,113,1,0,한국,언파스튜디오,정범식,118709,최지우,38275,이유미,5431,최민호,60365,,2.624486358,3.116054805,3.964090202,2.918184799,3.964090202,2.886241987,15.40541378,2023,0.7713988809993032,Thriller,Thriller,4.9,9.6,0.49000000000000005,0.96,0.38126709643407103
20208962,대외비,2023-03-01,20230619,Tving,10200000000,범죄,15,116,0,0,한국,(주)트윈필름,이원태,67732,조진웅,26728,이성민,26341,김무열,26585,,2.868176105,3.272003542,3.278337746,3.27433334,3.278337746,3.138170995,13.56632217,2023,0.7713988809993032,Thriller,Thriller,4.9,9.6,0.49000000000000005,0.96,0.38126709643407103
20193706,카운트,2023-02-22,20240606,Netflix,5000000000,드라마,12,109,0,0,한국,(주)필름케이,권혁재,739839,진선규,52511,성유빈,105870,고창석,93066,,1.829832783,2.978719715,2.674197091,2.730178956,2.978719715,2.411402944,10.16161321,2023,0.7713988809993032,Drama,Drama,4.7,9.4,0.47000000000000003,0.9400000000000001,0.3921756988330451
20218541,밀수,2023-07-26,20231205,Disney+,17500000000,액션,15,129,0,0,한국,(주)외유내강,류승완,50300,김혜수,17036,염정아,37985,조인성,16305,,2.997402019,3.467602373,3.119357874,3.486649201,3.486649201,3.194787422,14.62575221,2023,0.7713988809993032,Action,Action,8.4,4.2,0.8400000000000001,0.42000000000000004,0.08665854772891247
20197654,소울메이트,2023-03-15,20240913,Disney+,4000000000,드라마,12,124,1,0,한국,클라이맥스 스튜디오(주),민용근,422551,김다미,14070,전소니,47708,변우석,5563,,2.073090871,3.550675907,3.020378794,3.953660944,3.953660944,2.881381857,15.34566786,2023,0.7713988809993032,Drama,Drama,4.7,9.4,0.47000000000000003,0.9400000000000001,0.3921756988330451
20227626,화란,2023-10-11,20231121,Coupang play,4000000000,드라마,15,124,0,0,한국,(주)사나이픽처스,김창훈,100091,홍사빈,147864,송중기,5993,김형서,58268,,2.698574976,2.529107554,3.921325727,2.933539893,3.921325727,2.720407474,14.58892954,2023,0.7713988809993032,Drama,Drama,4.7,9.4,0.47000000000000003,0.9400000000000001,0.3921756988330451
20225824,치악산,2023-09-13,20231004,Coupang play,2000000000,공포(호러),15,85,0,0,한국,(주)도호 엔터테인먼트,김선웅,690379,윤균상,43875,김예원,60856,연제욱,175125,,1.859882432,3.056752875,2.914666601,2.455621856,3.056752875,2.410056963,10.42370143,2023,0.7713988809993032,Horror,Horror,7.2,6.8,0.72,0.6799999999999999,0.17941981008662172
20224667,잠,2023-09-06,20231213,Netflix,5000000000,미스터리,15,94,0,0,한국,(주)루이스 픽쳐스,유재선,53563,정유미,13525,이선균,4513,김금순,796903,,2.970105111,3.567832731,4.044504671,1.797564543,4.044504671,2.778500795,15.28216411,2023,0.7713988809993032,Drama,Drama,4.7,9.4,0.47000000000000003,0.9400000000000001,0.3921756988330451
20224517,용감한 시민,2023-10-25,20231229,Wavve,8000000000,액션,15,112,1,0,한국,스튜디오엔(주),박진표,291340,신혜선,9367,이준영,34786,박정우,217909,,2.234569888,3.727369484,3.157565512,2.360694837,3.727369484,2.584276746,13.35992376,2023,0.7713988809993032,Action,Action,8.4,4.2,0.8400000000000001,0.42000000000000004,0.08665854772891247
20202247,싱글 인 서울,2023-11-29,20240124,Netflix,4500000000,멜로/로맨스,12,103,0,0,한국,(주)디씨지플러스,박범수,250159,이동욱,2691,임수정,26138,이솜,18139,,2.300753872,4.269056307,3.281697651,3.440356664,4.269056307,3.007602729,17.1086817,2023,0.7713988809993032,Drama,Drama,4.7,9.4,0.47000000000000003,0.9400000000000001,0.3921756988330451
20212866,서울의 봄,2023-11-22,20240510,Netflix,23250000000,드라마,12,141,0,0,한국,(주)하이브미디어코프,김성수,117557,황정민,18410,정우성,7434,이성민,33092,,2.62872151,3.433916216,3.827747448,3.179246989,3.827747448,3.080628238,15.61961432,2023,0.7713988809993032,Drama,Drama,4.7,9.4,0.47000000000000003,0.9400000000000001,0.3921756988330451
20234673,뽀로로 극장판 슈퍼스타 대모험,2023-12-13,20240903,Netflix,3800000000,애니메이션,0,77,1,1,한국,(주)오콘,김성민,458917,이선,2100239,이미자,694151,함수정,1505452,,2.037235858,1.376701286,1.857516051,1.521303091,2.037235858,1.585173476,5.266608105,2023,0.7713988809993032,Animation,Animation,8.7,6.8,0.8699999999999999,0.6799999999999999,0.08330205468307443
20218935,더 문,2023-08-02,20230825,Wavve,28000000000,SF,12,129,0,0,한국,씨제이이엔엠 스튜디오스 주식회사,김용화,29163,설경구,19481,도경수,13321,박병은,48470,,3.234137806,3.409358758,3.574433176,3.013496985,3.574433176,3.21899785,15.08052588,2023,0.7713988809993032,Sci-Fi,Sci-Fi,9.0,7.4,0.9,0.74,0.06636702158816361
20226500,달짝지근해: 7510,2023-08-15,20231229,Disney+,6500000000,코미디,12,118,0,0,한국,(주)무비락,이한,180740,유해진,"36,880",김희선,"14,468",차인표,"167,226",,2.441915726,3.132179092,3.538561504,2.475666203,3.538561504,2.683253674,13.03341966,2023,0.7713988809993032,Comedy,Comedy,4.4,5.8,0.44000000000000006,0.58,0.337480118972455
20203702,노량: 죽음의 바다,2023-12-20,20240416,Netflix,31200000000,사극,12,153,0,1,한국,(주)빅스톤픽쳐스,김한민,54030,김윤석,30293,백윤식,88719,정재영,46648,,2.966335037,3.217627719,2.750953366,3.030136976,3.217627719,2.91580846,12.59961384,2023,0.7713988809993032,Drama,Drama,4.7,9.4,0.47000000000000003,0.9400000000000001,0.3921756988330451
20223896,거미집,2023-09-27,20231229,Netflix,9600000000,코미디,15,135,0,0,한국,앤솔로지스튜디오(주),김지운,12207,송강호,5116,임수정,60591,오정세,19030,,3.61236106,3.990039469,2.916561884,3.419531216,3.990039469,3.316151387,17.22161438,2023,0.7713988809993032,Comedy,Comedy,4.4,5.8,0.44000000000000006,0.58,0.337480118972455
20197122,1947 보스톤,2023-09-27,20231101,Wavve (with IPTV),21000000000,드라마,12,108,0,0,한국,(주)비에이엔터테인먼트,강제규,83142,하정우,15761,임시완,17195,배성우,70342,,2.779149537,3.501386235,3.463567824,2.851755292,3.501386235,3.031490884,14.11580669,2023,0.7713988809993032,Drama,Drama,4.7,9.4,0.47000000000000003,0.9400000000000001,0.3921756988330451
20228819,30일,2023-10-03,20240228,Disney+,6000000000,코미디,12,119,0,0,한국,(주)영화사울림,남대중,199731,강하늘,18909,정소민,5572,조민수,68630,,2.398524528,3.422301442,3.952958897,2.862456005,3.952958897,2.894427325,15.39451114,2023,0.7713988809993032,Comedy,Comedy,4.4,5.8,0.44000000000000006,0.58,0.337480118972455
20204264,콘크리트 유토피아,2023-08-09,20231128,Netflix,18900000000,드라마,15,130,1,0,한국,클라이맥스 스튜디오(주),엄태화,1052753,이병헌,4662,박서준,1489,박보영,7520,,1.676643517,4.030397735,4.526075307,3.822752164,4.526075307,3.176597805,18.90359619,2023,0.7713988809993032,Drama,Drama,4.7,9.4,0.47000000000000003,0.9400000000000001,0.3921756988330451
20198482,드림,2023-04-26,20230726,Netflix,13900000000,코미디,12,125,0,0,한국,(주)옥토버시네마,이병헌,27398,박서준,4081,이지은,2503399,김종수,51567,,3.261251143,4.08820341,1.30043993,2.986598138,4.08820341,2.516096404,14.37451731,2023,0.7713988809993032,Comedy,Comedy,4.4,5.8,0.44000000000000006,0.58,0.337480118972455
20223565,다음 소희,2023-02-08,20230720,Netflix,1500000000,드라마,15,138,0,0,한국,트윈플러스파트너스(주),정주리,94958,김시은,239734,배두나,4847,박우영,1143506,,2.721438445,2.319240373,4.013496985,1.640731557,4.013496985,2.227136792,12.95210378,2023,0.7713988809993032,Drama,Drama,4.7,9.4,0.47000000000000003,0.9400000000000001,0.3921756988330451
20231577,라방,2023-06-28,20230912,Netflix,800000000,스릴러,19,90,1,0,한국,올픽처스 주식회사,최주연,3648969,박성웅,88383,박선호,216264,김희정,86270,,1.136799831,2.752601266,2.363985773,2.763110206,2.763110206,2.08446229,8.522709234,2023,0.7713988809993032,Thriller,Thriller,4.9,9.6,0.49000000000000005,0.96,0.38126709643407103
20200622,소년들,2023-11-01,20231026,Netflix,10000000000,드라마,15,124,1,0,한국,(주)아우라픽처스,정지영,458604,설경구,23194,유준상,23467,진경,24040,,2.037532166,3.333594352,3.328512431,3.318035541,3.333594352,2.894693379,12.98332785,2023,0.7713988809993032,Drama,Drama,4.7,9.4,0.47000000000000003,0.9400000000000001,0.3921756988330451
20231681,오픈 더 도어,2023-10-25,20231116,IPTV,4500000000,미스터리,15,71,0,0,한국,㈜컨텐츠랩 비보,장항준,70412,이순원,5132898,서영주,90486,강애심,111051,,2.851323324,0.9886073702,2.742388614,2.653447531,2.851323324,2.128147838,8.919360892,2023,0.7713988809993032,Drama,Drama,4.7,9.4,0.47000000000000003,0.9400000000000001,0.3921756988330451
20192995,보호자,2023-08-15,20240501,Netflix,8000000000,액션,15,97,0,0,한국,(주)영화사테이크,정우성,13151,정우성,13151,김남길,19660,김준한,93302,,3.580011227,3.580011227,3.405386491,2.729079051,3.580011227,3.238158923,15.17265652,2023,0.7713988809993032,Action,Action,8.4,4.2,0.8400000000000001,0.42000000000000004,0.08665854772891247
20202026,마루이 비디오,2023-02-22,20230519,Netflix,3000000000,미스터리,15,87,1,0,한국,(주)발포플랜,윤준형,268547,서현우,64433,조민경,1080952,서성광,1444499,,2.269949699,2.889861652,1.665163595,1.539252759,2.889861652,1.824788684,8.163248493,2023,0.7713988809993032,Drama,Drama,4.7,9.4,0.47000000000000003,0.9400000000000001,0.3921756988330451
20193879,비공식작전,2023-08-02,20231009,Netflix,20000000000,드라마,12,132,0,0,한국,(주)와인드업필름,김성훈,45551,하정우,17678,주지훈,19025,권은성,1770427,,3.040472089,3.451536875,3.419645339,1.45089198,3.451536875,2.637003136,12.55325044,2023,0.7713988809993032,Drama,Drama,4.7,9.4,0.47000000000000003,0.9400000000000001,0.3921756988330451
20227684,멍뭉이,2023-03-01,20230525,Wavve,3000000000,드라마,0,113,0,0,한국,(주)와이웍스엔터테인먼트,김주환,155905,유연석,8592,차태현,33544,정인선,43731,,2.506109961,3.764875736,3.173355155,3.058180596,3.764875736,2.912548571,14.73025918,2023,0.7713988809993032,Drama,Drama,4.7,9.4,0.47000000000000003,0.9400000000000001,0.3921756988330451
20226411,범죄도시3,2023-05-31,20230707,Netflix,13500000000,범죄,15,105,0,1,한국,주식회사 빅펀치픽쳐스,이상용,34836,마동석,2581,이준혁,22318,아오키 무네타카,39613,,3.156941722,4.287182,3.350314731,3.10113227,4.287182,3.202796241,18.01815239,2023,0.7713988809993032,Thriller,Thriller,4.9,9.6,0.49000000000000005,0.96,0.38126709643407103
20231773,빈틈없는 사이,2023-07-05,20230727,Wavve (with IPTV),2000000000,멜로/로맨스,15,112,1,0,한국,(주)갤리온엔터테인먼트,이우철,408552,이지훈,"79,929",한승연,2206043,고규필,47839,,2.087722663,2.796265625,1.355356031,3.019187912,3.019187912,2.07978144,9.298438893,2023,0.7713988809993032,Drama,Drama,4.7,9.4,0.47000000000000003,0.9400000000000001,0.3921756988330451
20233014,타겟,2023-08-30,20231213,Netflix,4500000000,스릴러,15,101,0,0,한국,(주)영화사피어나,박희곤,140009,신혜선,2829,김성균,11253,임성재,118843,,2.552814051,4.247337057,3.647701685,2.623996398,4.247337057,2.941504045,16.74089619,2023,0.7713988809993032,Thriller,Thriller,4.9,9.6,0.49000000000000005,0.96,0.38126709643407103
20233235,가문의 영광: 리턴즈,2023-09-21,20231006,Wavve (with IPTV),4000000000,코미디,15,99,0,1,한국,(주)태원엔터테인먼트,정용기,284671,윤현민,40507,유라,2279221,김수미,179742,,2.244626777,3.091439924,1.341183567,2.444320435,3.091439924,2.010043593,9.305368937,2023,0.7713988809993032,Comedy,Comedy,4.4,5.8,0.44000000000000006,0.58,0.337480118972455
20211937,귀공자,2023-06-21,20230621,Coupang play,9150000000,액션,19,118,0,0,한국,(주)영화사 금월,박훈정,19435,김선호,6220,강태주,52186,김강우,43289,,3.410385459,3.90517962,2.981415994,3.062592451,3.90517962,3.151464635,16.21221508,2023,0.7713988809993032,Action,Action,8.4,4.2,0.8400000000000001,0.42000000000000004,0.08665854772891247
20200154,킬링 로맨스,2023-04-14,20230518,Wavve,7500000000,코미디,15,107,0,0,한국,(주)영화사 이창,이원석,165882,이하늬,20961,이선균,14487,공명,73280,,2.479170741,3.377558006,3.537991544,2.833984544,3.537991544,2.89690443,13.78721492,2023,0.7713988809993032,Comedy,Comedy,4.4,5.8,0.44000000000000006,0.58,0.337480118972455
20226489,리바운드,2023-04-05,20230712,Wavve,7000000000,드라마,12,122,0,0,한국,(주)비에이엔터테인먼트,장항준,57985,안재홍,57956,이신영,28510,정진운,167951,,2.935654343,2.935871601,3.243972787,2.47378741,3.243972787,2.781771118,12.26796259,2023,0.7713988809993032,Drama,Drama,4.7,9.4,0.47000000000000003,0.9400000000000001,0.3921756988330451
20214823,유령,2023-01-18,20230228,Tving,13700000000,드라마,15,133,1,0,한국,더램프(주),이해영,100506,설경구,27941,이하늬,20183,박소담,7973,,2.696778015,3.252728059,3.393984284,3.79734824,3.79734824,3.114496786,15.62417713,2023,0.7713988809993032,Drama,Drama,4.7,9.4,0.47000000000000003,0.9400000000000001,0.3921756988330451
20231523,그 여름,2023-06-07,20230628,Tving,56000000,애니메이션,12,61,1,0,한국,(주)레드독컬처하우스,한지원,789135,윤아영,391503,송하림,1365127,이다슬,11819211,,1.801818699,2.10623491,1.563796948,0.6263815185,2.10623491,1.330665722,4.908929507,2023,0.7713988809993032,Animation,Animation,8.7,6.8,0.8699999999999999,0.6799999999999999,0.08330205468307443
20225865,옥수역귀신,2023-04-19,20230721,Wavve,1750000000,공포(호러),15,80,1,0,한국,(주)영화사조아,정용기,230161,김보라,105152,김재현,320658,신소율,150294,,2.336938269,2.677152467,2.192927925,2.522028361,2.677152467,2.350631518,8.970151435,2023,0.7713988809993032,Horror,Horror,7.2,6.8,0.72,0.6799999999999999,0.17941981008662172
20210544,웅남이,2023-03-22,20230720,Netflix,4000000000,코미디,15,97,0,0,한국,(주)영화사김치,박성광,435744,박성웅,28537,최민수,45413,오달수,66672,,2.059738589,3.243561689,3.041789812,2.875026521,3.243561689,2.658851641,11.86771101,2023,0.7713988809993032,Comedy,Comedy,4.4,5.8,0.44000000000000006,0.58,0.337480118972455
20190808,교섭,2023-01-18,20230222,Netflix,15000000000,드라마,12,108,0,0,한국,(주)영화사수박,임순례,89378,황정민,17225,현빈,4409,강기영,15189,,2.747739372,3.462810774,4.054629906,3.517440822,4.054629906,3.242663656,17.20243094,2023,0.7713988809993032,Drama,Drama,4.7,9.4,0.47000000000000003,0.9400000000000001,0.3921756988330451
20231042,빅토리,2024-08-14,20241218,Disney+,8300000000,드라마,12,120,0,0,한국,(주)안나푸르나필름,박범수,382884,이혜리,10485,박세완,88735,이정하,43554,,2.115902786,3.67840157,2.750875051,3.059941958,3.67840157,2.642239931,13.39762108,2024,0.8926335113265869,Drama,Drama,4.7,9.4,0.47000000000000003,0.9400000000000001,0.429571732903799
20239670,베테랑2,2024-09-13,20250128,Netflix,13000000000,액션,15,118,0,1,한국,(주)외유내강,류승완,68145,황정민,22338,정해인,8187,장윤주,110714,,2.865536008,3.349925718,3.785845214,2.654767463,3.785845214,2.956743063,14.97961679,2024,0.8926335113265869,Action,Action,8.4,4.2,0.8400000000000001,0.42000000000000004,0.09492190013202012
20228796,하얼빈,2024-12-24,20250425,Netflix,30000000000,드라마,15,114,0,0,한국,(주)하이브미디어코프,우민호,47146,현빈,5832,박정민,18586,조우진,12997,,3.025525152,3.933152489,3.429784072,3.585126885,3.933152489,3.346812036,17.09667458,2024,0.8926335113265869,Drama,Drama,4.7,9.4,0.47000000000000003,0.9400000000000001,0.429571732903799
20233217,더 킬러스,2024-10-23,20241031,Netflix,200000000,드라마,19,119,1,0,한국,(주)빅인스퀘어,이명세,256857,심은경,30420,연우진,26862,홍사빈,86558,,2.289278598,3.215810795,3.26983166,2.761662791,3.26983166,2.755584061,12.28012766,2024,0.8926335113265869,Drama,Drama,4.7,9.4,0.47000000000000003,0.9400000000000001,0.429571732903799
20247017,대가족,2024-12-11,20250411,Netflix,9200000000,드라마,12,107,1,0,한국,게니우스 유한회사,양우석,188304,김윤석,22682,이승기,13623,김성령,16644,,2.424110459,3.343288658,3.564697248,3.477712297,3.564697248,3.081703805,14.55003832,2024,0.8926335113265869,Drama,Drama,4.7,9.4,0.47000000000000003,0.9400000000000001,0.429571732903799
20212932,탈주,2024-07-03,20241104,Netflix,8000000000,액션,12,94,0,0,한국,더램프(주),이종필,53280,이제훈,8062,구교환,17390,홍사빈,46656,,2.972405788,3.792527211,3.458670422,3.030062502,3.792527211,3.153712904,15.75306921,2024,0.8926335113265869,Action,Action,8.4,4.2,0.8400000000000001,0.42000000000000004,0.09492190013202012
20208245,핸섬가이즈,2024-06-26,20241008,Disney+,4900000000,코미디,15,101,1,0,한국,(주)하이브미디어코프,남동협,268288,이성민,26203,이희준,25428,공승연,28005,,2.270368756,3.280618987,3.293657802,3.251734427,3.293657802,2.934240724,12.95804265,2024,0.8926335113265869,Comedy,Comedy,4.4,5.8,0.44000000000000006,0.58,0.36966063924652914
20200142,소방관,2024-12-04,20250123,Wavve (with IPTV),9600000000,드라마,12,106,0,0,한국,주식회사 에스크로드,곽경택,224761,주원,30858,곽도원,42980,유재명,44205,,2.347249049,3.20960223,3.065703593,3.053498609,3.20960223,2.822150417,12.2675825,2024,0.8926335113265869,Drama,Drama,4.7,9.4,0.47000000000000003,0.9400000000000001,0.429571732903799
20204271,행복의 나라,2024-08-14,20240919,Tiving (with IPTV),12000000000,드라마,12,124,0,0,한국,(주)파파스필름,추창민,157376,조정석,11163,이선균,6563,유재명,32383,,2.502031502,3.65118908,3.8818676,3.188652924,3.8818676,3.113957835,15.96983963,2024,0.8926335113265869,Drama,Drama,4.7,9.4,0.47000000000000003,0.9400000000000001,0.429571732903799
20234045,설계자,2024-05-29,20240618,Disney+,8000000000,범죄,15,99,1,0,한국,영화사 집,이요섭,119069,강동원,18849,이무생,40708,이미숙,15748,,2.623171298,3.42368169,3.089290238,3.501744598,3.501744598,3.045381076,14.16589133,2024,0.8926335113265869,Thriller,Thriller,4.9,9.6,0.49000000000000005,0.96,0.4176229373766168
20249733,사랑의 하츄핑,2024-08-07,20241230,Netflix,3000000000,애니메이션,0,86,1,0,한국,(주)에스에이엠지엔터테인먼트,김수훈,1386720,이지현,1312691,조경이,841433,최낙윤,1123320,,1.556981225,1.580807497,1.773950464,1.648466513,1.773950464,1.595418412,4.604143695,2024,0.8926335113265869,Animation,Animation,8.7,6.8,0.8699999999999999,0.6799999999999999,0.09124534766211806
20190300,보고타: 마지막 기회의 땅,2024-12-31,20250203,Netflix,13000000000,범죄,15,107,0,0,한국,(주)영화사수박,김성제,21092,송중기,2592,이희준,10417,권해효,21257,,3.374852242,4.285335007,3.68122734,3.371468032,4.285335007,3.475849205,19.18051328,2024,0.8926335113265869,Thriller,Thriller,4.9,9.6,0.49000000000000005,0.96,0.4176229373766168
20233218,6시간 후 너는 죽는다,2024-10-16,20250222,Netflix,3000000000,스릴러,15,91,1,0,한국,(주)미스터리픽처스,이윤석,5215413,박주현,16599,정재현,52130,곽시양,47029,,0.9816812991,3.478888079,2.981882279,3.02660426,3.478888079,2.330055946,11.58489194,2024,0.8926335113265869,Thriller,Thriller,4.9,9.6,0.49000000000000005,0.96,0.4176229373766168
20231415,소풍,2024-02-07,20240521,Netflix,1500000000,드라마,12,114,0,0,한국,(주)로케트필름,김용균,356867,나문희,99975,김영옥,33105,박근형,8419663,,2.146463614,2.699078592,3.179076412,0.7736752953,3.179076412,1.8730725,9.133717016,2024,0.8926335113265869,Drama,Drama,4.7,9.4,0.47000000000000003,0.9400000000000001,0.429571732903799
20233261,청설,2024-11-06,20250303,Coupang play,2500000000,드라마,0,109,1,0,한국,(주)무비락,조선호,306585,홍경,13986,노윤서,34728,김민주,98410,,2.212419102,3.55327648,3.158290232,2.705930773,3.55327648,2.692213369,13.11945492,2024,0.8926335113265869,Drama,Drama,4.7,9.4,0.47000000000000003,0.9400000000000001,0.429571732903799
20247430,퍼스트레이디,2024-12-12,20250305,Wavve,100000000,다큐멘터리,12,105,0,0,한국,서울의소리,아에몽,,na,,na,,na,,,#NUM!,#NUM!,#NUM!,#NUM!,#NUM!,#NUM!,#NUM!,2024,0.8926335113265869,Documentary,Documentary,2.7,7.4,0.27,0.74,0.5306769258261091
20247574,아메바 소녀들과 학교괴담: 개교기념일,2024-11-06,20250225,Netflix,1000000000,코미디,15,90,0,0,한국,(주)26컴퍼니,김민하,324340,김도연,142966,손주연,339303,강신희,1351447,,2.187969492,2.543737238,2.168382305,1.568170986,2.543737238,1.974840928,7.567213644,2024,0.8926335113265869,Comedy,Comedy,4.4,5.8,0.44000000000000006,0.58,0.36966063924652914
20233057,아마존 활명수,2024-10-30,20250130,Netflix,4000000000,코미디,12,113,0,0,한국,(주)로드픽쳐스,김창주,255262,류승룡,35699,진선규,19966,염혜란,22124,,2.291983837,3.146313954,3.398678938,3.354106355,3.398678938,2.930801382,13.35953186,2024,0.8926335113265869,Comedy,Comedy,4.4,5.8,0.44000000000000006,0.58,0.36966063924652914
20240925,"안녕, 할부지",2024-09-04,20241013,Netflix,100000000,다큐멘터리,0,95,0,0,한국,(주)에이컴즈,토마스 고,,푸바오,,아이바오,,러바오,,,#NUM!,#NUM!,#NUM!,#NUM!,#NUM!,#NUM!,#NUM!,2024,0.8926335113265869,Documentary,Documentary,2.7,7.4,0.27,0.74,0.5306769258261091
20225184,히든페이스,2024-11-20,20250110,Coupang play,3000000000,스릴러,19,115,1,0,한국,(주)스튜디오앤뉴,김대우,55397,송승헌,15979,조여정,9909,박지현,19553,,2.955483758,3.495420408,3.702940176,3.407756604,3.702940176,3.286220257,15.87161719,2024,0.8926335113265869,Thriller,Thriller,4.9,9.6,0.49000000000000005,0.96,0.4176229373766168
20235994,원정빌라,2024-12-04,20251231,Wavve,200000000,공포(호러),15,86,0,0,한국,(주)케이드래곤,김선국,1709727,이현우,39098,문정희,37067,방민아,940622,,1.466043234,3.106815462,3.129982566,1.725554872,3.129982566,2.099471189,9.701290788,2024,0.8926335113265869,Horror,Horror,7.2,6.8,0.72,0.6799999999999999,0.19652844111840798
20236319,하와이 연가,2024-10-30,20250203,Watcha,200000000,드라마,0,62,0,0,한국,나우 프로덕션,이진영,1177952,리처드 용재 오닐,7780034,김지연,613021,케올라 비머,5739845,,1.62784241,0.8079885094,1.911494652,0.9400698396,1.911494652,1.125300253,4.062500068,2024,0.8926335113265869,Drama,Drama,4.7,9.4,0.47000000000000003,0.9400000000000001,0.429571732903799
20224666,파일럿,2024-07-31,20241128,Netfliex,6000000000,코미디,12,111,1,0,한국,쇼트케이크(주),김한결,403830,조정석,13031,이주명,27798,한선화,15123,,2.092771425,3.58399226,3.254956454,3.519332052,3.58399226,2.955686644,14.17715031,2024,0.8926335113265869,Comedy,Comedy,4.4,5.8,0.44000000000000006,0.58,0.36966063924652914
20232949,대도시의 사랑법,2024-10-01,20241221,Tving,5250000000,드라마,15,118,1,0,한국,(주)쇼박스,이언희,106926,김고은,2191941,노상현,16303,정휘,385778,,2.669886684,1.358141144,3.486702476,2.112632547,3.486702476,2.046886792,10.62358772,2024,0.8926335113265869,Drama,Drama,4.7,9.4,0.47000000000000003,0.9400000000000001,0.429571732903799
20226545,한국이 싫어서,2024-08-28,20241128,Netfliex,400000000,드라마,12,107,1,0,한국,(주)모쿠슈라,장건재,199672,고아성,20710,김우겸,310079,주종혁,54064,,2.398652836,3.382789905,2.20749765,2.96606183,3.382789905,2.524070772,11.92119103,2024,0.8926335113265869,Drama,Drama,4.7,9.4,0.47000000000000003,0.9400000000000001,0.429571732903799
20203557,그녀가 죽었다,2024-05-15,20241212,Netfliex,4000000000,미스터리,15,103,0,0,한국,엔진 필름,김세휘,210934,변요한,19574,신혜선,6830,이엘,33642,,2.374823416,3.40729042,3.864549301,3.172088198,3.864549301,2.984734011,15.39920104,2024,0.8926335113265869,Drama,Drama,4.7,9.4,0.47000000000000003,0.9400000000000001,0.429571732903799
20242794,임영웅│아임 히어로 더 스타디움,2024-08-28,20250618,Netfliex,250000000,공연,0,108,0,0,한국,(주)씨제이이엔엠,조우영,,임영웅,,na,,na,,,#NUM!,#NUM!,#NUM!,#NUM!,#NUM!,#NUM!,#NUM!,2024,0.8926335113265869,Drama,Drama,4.7,9.4,0.47000000000000003,0.9400000000000001,0.429571732903799
20229365,필사의 추격,2024-08-21,20240910,Watcha,6000000000,코미디,15,109,0,0,한국,(주)콘텐츠지,김재훈,288847,박성웅,22363,곽시양,60748,윤경호,47323,,2.238302143,3.349439941,2.91543802,3.023897736,3.349439941,2.7258793,12.47960894,2024,0.8926335113265869,Comedy,Comedy,4.4,5.8,0.44000000000000006,0.58,0.36966063924652914
20247074,건국전쟁,2024-02-01,20241016,Tving,250000000,다큐멘터리,12,108,0,0,한국,다큐스토리,김덕영,,na,,na,,na,,,#NUM!,#NUM!,#NUM!,#NUM!,#NUM!,#NUM!,#NUM!,2024,0.8926335113265869,Documentary,Documentary,2.7,7.4,0.27,0.74,0.5306769258261091
20225969,늘봄가든,2024-08-21,20241030,Wavve,3500000000,공포(호러),15,90,1,0,한국,(주)바이어스이엔티,구태진,340912,조윤희,51531,김주령,20549,허동원,67537,,2.166327716,2.986901434,3.386179312,2.869428239,3.386179312,2.67421913,12.44156481,2024,0.8926335113265869,Horror,Horror,7.2,6.8,0.72,0.6799999999999999,0.19652844111840798
20233038,리볼버,2024-08-07,20250115,Coupang play,8000000000,범죄,15,114,0,0,한국,(주)사나이픽처스,오승욱,84046,전도연,10911,지창욱,3389,임지연,8744,,2.774452955,3.661105449,4.168898435,3.757259855,4.168898435,3.397606086,18.33317313,2024,0.8926335113265869,Thriller,Thriller,4.9,9.6,0.49000000000000005,0.96,0.4176229373766168
20240479,타로,2024-06-14,20241010,Netflix,10400000000,공포,19,94,1,0,한국,영화사 우상,최병길,479888,조여정,9765,김진영,52750,고규필,38498,,2.017830114,3.709297757,2.97674754,3.113531836,3.709297757,2.702703164,13.73442854,2024,0.8926335113265869,Drama,Drama,4.7,9.4,0.47000000000000003,0.9400000000000001,0.429571732903799
20191143,원더랜드,2024-06-05,20240815,Netflix,10000000000,드라마,12,113,0,0,한국,(주)영화사봄,김태용,57643,탕웨이,9753,배수지,5438,박보검,5058,,2.938223429,3.70983178,3.963530801,3.994991179,3.994991179,3.537195337,18.12605535,2024,0.8926335113265869,Drama,Drama,4.7,9.4,0.47000000000000003,0.9400000000000001,0.429571732903799
20234675,파묘,2024-02-22,20240422,Netflix,14000000000,공포,15,134,0,0,한국,(주)쇼박스,장재현,23894,최민식,7420,김고은,1517376,유해진,36281,,3.320681145,3.828566099,1.517876794,3.139290755,3.828566099,2.659282898,14.00980645,2024,0.8926335113265869,Drama,Drama,4.7,9.4,0.47000000000000003,0.9400000000000001,0.429571732903799
20235253,외계+인 2부,2024-01-10,20250111,Netflix,37000000000,판타지,12,122,0,1,한국,(주)케이퍼필름,최동훈,54108,류준열,22119,김태리,7298,김우빈,13281,,2.965708523,3.354204516,3.835766145,3.575739228,3.835766145,3.298550755,16.48823546,2024,0.8926335113265869,Fantasy,Fantasy,8.3,8.4,0.8300000000000001,0.8400000000000001,0.13068472870288686
20228797,범죄도시4,2024-04-24,20240923,Disney+,15300000000,범죄,15,109,0,1,한국,주식회사 빅펀치픽쳐스,허명행,56105,김무열,22603,박지환,60937,이동휘,29794,,2.949968438,3.344803919,2.914088935,3.224841191,3.344803919,3.029632854,13.47833176,2024,0.8926335113265869,Thriller,Thriller,4.9,9.6,0.49000000000000005,0.96,0.4176229373766168
20235353,길위에 김대중,2024-01-10,20240320,Wavve,430000000,다큐멘터리,12,126,0,0,한국,(주)명필름,민환기,,김대중,,김도영,,김재록,,,#NUM!,#NUM!,#NUM!,#NUM!,#NUM!,#NUM!,#NUM!,2024,0.8926335113265869,Documentary,Documentary,2.7,7.4,0.27,0.74,0.5306769258261091
20236230,씬,2024-04-03,20240621,Neflix,1200000000,공포,15,103,1,0,한국,(주)도어이앤엠,한동석,"48,883",김윤혜,10315,송이재,247691,박지훈,99496,,3.009812153,3.685500772,2.305059778,2.701164383,3.685500772,2.672012105,13.53320345,2024,0.8926335113265869,Drama,Drama,4.7,9.4,0.47000000000000003,0.9400000000000001,0.429571732903799
20212668,도그데이즈,2024-02-07,20250110,Netflix,8200000000,드라마,12,120,1,0,한국,(주)씨제이이엔엠,김덕민,"524,711",윤여정,"136,921",유해진,"36,281",김윤진,"5,301",,1.979049836,2.562499942,3.139290755,3.9746122,3.9746122,2.560280178,14.15073303,2024,0.8926335113265869,Drama,Drama,4.7,9.4,0.47000000000000003,0.9400000000000001,0.429571732903799
20206946,시민덕희,2024-01-24,20240523,Netflix,6500000000,액션,15,114,0,0,한국,(주)씨제스스튜디오,박영주,204354,라미란,"47,117",공명,"26,812",염혜란,"26,442",,2.388586861,3.025792374,3.270640794,3.276675703,3.276675703,2.895006676,12.76267374,2024,0.8926335113265869,Action,Action,8.4,4.2,0.8400000000000001,0.42000000000000004,0.09492190013202012
20211477,데드맨,2024-02-07,20240411,Wavve,7500000000,범죄,15,108,0,0,한국,(주)팔레트픽처스,하준원,"706,728",조진웅,"28,325",김희애,"39,354",이수경,"144,294",,1.849717706,3.246800086,3.103981123,2.539721732,3.246800086,2.497806854,11.35667959,2024,0.8926335113265869,Thriller,Thriller,4.9,9.6,0.49000000000000005,0.96,0.4176229373766168
